"FARM_CUSTOMER_ID","FARM_CODE","FARM_NAME","REPRESENTATIVE_NAME","PHONE","POSTAL_CODE","ADDRESS","LATITUDE","LONGITUDE","ANIMAL_TYPE","LIVESTOCK_COUNT","MONTHLY_FEED_QUANTITY","PREFERRED_FEED","RECURRING_DELIVERY_DAY","WAREHOUSE_ID","ASSIGNED_WAREHOUSE_CODE","DISTANCE_KM","STATUS","NOTES","DEMO_DATA","CREATED_AT"
"14","F-W01-02","당진 합덕 양돈농장","이양돈","010-0000-1002","31800","충남 당진시 합덕읍 농장권역","36.79","126.76","돼지","2400","1850","육성돈 그로우","15","1","W01","8.24373807077831","ACTIVE","육성돈 중심 월 2회 공급","TRUE","2026-07-30 15:54:41.684723"
"16","F-W01-04","아산 둔포 육계농장","최육계","010-0000-1004","31400","충남 아산시 둔포면 농장권역","36.93","127.04","조류(닭/오리)","42000","2100","육계 후기 사료","15","1","W01","37.33413520173376","ACTIVE","출하 주기별 분할 배송","TRUE","2026-07-30 15:54:41.696717"
"13","F-W01-01","예산 고덕 한우농장","김한우","010-0000-1001","32400","충남 예산군 고덕면 농장권역","36.742","126.704","소","180","720","한우 성장 플러스","1","1","W01","0.985910653687328","ACTIVE","송아지·육성우 혼합 사육","TRUE","2026-07-30 15:54:41.648744"
"15","F-W01-03","홍성 광천 산란계농장","박산란","010-0000-1003","32290","충남 홍성군 광천읍 농장권역","36.5","126.62","조류(닭/오리)","60000","2380","산란계 산란 피크","1","1","W01","26.958995815082343","ACTIVE","산란 피크 사료 우선","TRUE","2026-07-30 15:54:41.689721"
"17","F-W02-01","김제 백산 육계농장","정백산","010-0000-2001","54320","전북 김제시 백산면 농장권역","35.84","126.89","조류(닭/오리)","72000","3100","육계 전기 사료","3","2","W02","1.5554289582910812","ACTIVE","육계 전기·후기 혼합 공급","TRUE","2026-07-30 15:54:41.702713"
"20","F-W02-04","부안 계화 오리농장","한계화","010-0000-2004","56300","전북 부안군 계화면 농장권역","35.76","126.7","조류(닭/오리)","28000","1980","육용오리 그로워","17","2","W02","17.91084203054591","ACTIVE","오리 그로워 정기 공급","TRUE","2026-07-30 15:54:41.720703"
"18","F-W02-02","익산 왕궁 양돈농장","강왕궁","010-0000-2002","54570","전북 익산시 왕궁면 농장권역","35.97","127.08","돼지","3100","2200","비육돈 피니셔","17","2","W02","23.923132189212655","ACTIVE","비육돈 대량 수요 고객","TRUE","2026-07-30 15:54:41.708711"
"19","F-W02-03","정읍 태인 한우농장","윤태인","010-0000-2003","56110","전북 정읍시 태인면 농장권역","35.65","126.93","소","230","850","한우 비육 후기","3","2","W02","20.408274972925742","ACTIVE","비육 후기 사료 비중 높음","TRUE","2026-07-30 15:54:41.714706"
"24","F-W03-04","상주 함창 육계농장","오함창","010-0000-3004","37110","경북 상주시 함창읍 농장권역","36.57","128.18","조류(닭/오리)","36000","1720","육계 후기 사료","19","3","W03","48.248205117587354","ACTIVE","계약 갱신 대기 시연 데이터","TRUE","2026-07-30 15:54:41.748688"
"22","F-W03-02","안동 풍산 양돈농장","조풍산","010-0000-3002","36620","경북 안동시 풍산읍 농장권역","36.58","128.58","돼지","2700","1960","양돈 장건강 프로","19","3","W03","19.809803584747474","ACTIVE","장건강 사료 고정 거래","TRUE","2026-07-30 15:54:41.735694"
"23","F-W03-03","영주 안정 산란계농장","배안정","010-0000-3003","36050","경북 영주시 안정면 농장권역","36.83","128.56","조류(닭/오리)","52000","2260","산란계 육성 사료","5","3","W03","46.505524800090235","ACTIVE","육성·산란 전환 수요","TRUE","2026-07-30 15:54:41.741691"
"21","F-W03-01","의성 단촌 한우농장","신단촌","010-0000-3001","37320","경북 의성군 단촌면 농장권역","36.42","128.7","소","260","940","한우 비육 전기","5","3","W03","1.1461007794528995","ACTIVE","거점 인접 우선 배송","TRUE","2026-07-30 15:54:41.730697"
"25","F-W04-01","안성 미양 낙농목장","서미양","010-0000-4001","17590","경기 안성시 미양면 농장권역","36.97","127.21","소","190","780","젖소 착유우 밸런스","8","4","W04","0.5116648397702364","ACTIVE","착유우 전용 사료 정기 공급","TRUE","2026-07-30 15:54:41.753684"
"28","F-W04-04","음성 금왕 한우농장","유금왕","010-0000-4004","27630","충북 음성군 금왕읍 농장권역","37.0","127.59","소","210","820","한우 프리미엄 마블","22","4","W04","33.458014068690915","ACTIVE","비육 후기 집중 관리","TRUE","2026-07-30 15:54:41.770675"
"26","F-W04-02","이천 설성 양돈농장","임설성","010-0000-4002","17410","경기 이천시 설성면 농장권역","37.13","127.52","돼지","3400","2450","비육돈 프리미엄 골드","22","4","W04","32.459700216138074","ACTIVE","프리미엄 비육돈 사료 수요","TRUE","2026-07-30 15:54:41.75868"
"27","F-W04-03","평택 청북 육계농장","문청북","010-0000-4003","17790","경기 평택시 청북읍 농장권역","37.02","126.92","조류(닭/오리)","68000","2880","육계 전기 사료","8","4","W04","26.854888130901923","ACTIVE","주 단위 출하 일정 연계","TRUE","2026-07-30 15:54:41.764677"
"29","F-W05-01","나주 문평 오리농장","남문평","010-0000-5001","58200","전남 나주시 문평면 농장권역","35.05","126.85","조류(닭/오리)","45000","3200","육용오리 그로워","10","5","W05","0.6637943570161682","ACTIVE","거점 인접 최우선 배송","TRUE","2026-07-30 15:54:41.775671"
"30","F-W05-02","영암 신북 한우농장","고신북","010-0000-5002","58400","전남 영암군 신북면 농장권역","34.89","126.69","소","170","690","한우 성장 플러스","24","5","W05","22.34330405273644","ACTIVE","육성우 중심 고객","TRUE","2026-07-30 15:54:41.780668"
"32","F-W05-04","장흥 부산 육계농장","장부산","010-0000-5004","59300","전남 장흥군 부산면 농장권역","34.72","126.9","조류(닭/오리)","33000","1510","가금 프리미엄 믹스","24","5","W05","36.58785733273273","ACTIVE","계절 계약 보류 시연 데이터","TRUE","2026-07-30 15:54:41.791662"
"31","F-W05-03","함평 학교 양돈농장","송학교","010-0000-5003","57160","전남 함평군 학교면 농장권역","35.03","126.54","돼지","2100","1580","자돈 스타터 2호","10","5","W05","27.797199623564513","ACTIVE","자돈·육성돈 혼합 공급","TRUE","2026-07-30 15:54:41.785666"
